Workbook
Name Totalgastonathy: 'Gastos Nathy'!$O$1:$O$13
Name Totalrestantenathy: 'Gastos Nathy'!$Q$1:$Q$13
Name Totalgastovini: 'Gastos vini'!$J$1:$J$13
Name Totalrestantevini: 'Gastos vini'!$K$1:$K$13

Sheet Gastos Nathy
A1: Mes | B1: Cartão | C1: Academia | D1: Óculos | E1: máquina | F1: PC | G1: Areia Gatos | H1: Ração Athena | I1: Ração Gatos | J1: Comida | K1: Compras | L1: Jogos | M1: Gasolina | N1: Outros | O1: Total Gasto | P1: Salário | Q1: Total restante
A2: Janeiro | B2: 1052.02 | C2: 99.9 | G2: 59.92 | H2: 90.3 | I2: 118.66 | J2: 582.64 | M2: 274.2 | O2: =SUM(B2:N2) -> 2277.64 | P2: 3450 | Q2: =P2-O2 -> 1172.36
A3: Fevereiro | B3: 680.04 | C3: 99.9 | H3: 112.83 | I3: 87.7 | J3: 395.29 | K3: 171.44 | L3: 164.71 | M3: 196.26 | O3: =SUM(B3:N3) -> 1908.17 | P3: 3450 | Q3: =P3-O3 -> 1541.83
A4: Março | B4: 1081.68 | C4: 99.9 | H4: 138.33 | I4: 98.98 | J4: 703.15 | L4: 176.75 | M4: 242.3 | O4: =SUM(B4:N4) -> 2541.09 | P4: 3450 | Q4: =P4-O4 -> 908.91
A5: Abril | B5: 1356.13 | C5: 99.9 | E5: 60 | G5: 41.08 | H5: 90.22 | I5: 84.84 | J5: 626.81 | K5: 278.16 | M5: 245.08 | O5: =SUM(B5:N5) -> 2882.22 | P5: 3450 | Q5: =P5-O5 -> 567.78
A6: Maio | B6: 492.1 | C6: 99.9 | D6: 480 | G6: 60.79 | H6: 139.94 | I6: 109.14 | J6: 651.36 | K6: 235.56 | L6: 41.4 | M6: 217.74 | N6: 141.16 | O6: =SUM(B6:N6) -> 2669.09 | P6: 3450 | Q6: =P6-O6 -> 780.91
A7: Junho | B7: 1311.73 | C7: 99.9 | E7: 60 | G7: 51.87 | H7: 102.71 | I7: 90.49 | J7: 693.49 | M7: 286.94 | N7: 180.33 | O7: =SUM(B7:N7) -> 2877.46 | P7: 3450 | Q7: =P7-O7 -> 572.54
A8: Julho | B8: 1198.65 | C8: 99.9 | F8: 3299.9 | G8: 50.84 | H8: 94.93 | I8: 103.69 | J8: 668.17 | K8: 381.1 | M8: 274.05 | N8: 172.72 | O8: =SUM(B8:N8) -> 6343.95 | P8: 3450 | Q8: =P8-O8 -> -2893.95
A9: Agosto | B9: 510.92 | C9: 99.9 | G9: 43.36 | H9: 137.62 | I9: 102.16 | J9: 375.36 | K9: 288.66 | M9: 278.83 | N9: 49.01 | O9: =SUM(B9:N9) -> 1885.82 | P9: 3450 | Q9: =P9-O9 -> 1564.18
A10: Setembro | B10: 1385.42 | C10: 99.9 | G10: 48.97 | H10: 112.89 | I10: 82.69 | J10: 342.99 | K10: 8.82 | M10: 261.91 | O10: =SUM(B10:N10) -> 2343.59 | P10: 3450 | Q10: =P10-O10 -> 1106.41
A11: Outubro | O11: =SUM(B11:N11) -> 0 | Q11: =P11-O11 -> 0
A12: Novembro | O12: =SUM(B12:N12) -> 0 | Q12: =P12-O12 -> 0
A13: Dezembro | O13: =SUM(B13:N13) -> 0 | Q13: =P13-O13 -> 0

Sheet Gastos vini
A1: Mês | B1: Faculdade | C1: Internet | D1: Seguro Carro | E1: academia | F1: Aluguel | G1: Água | H1: Gastos extras | I1: Salário | J1: Total Gasto | K1: Total Restante
A2: Janeiro | B2: 450 | C2: 99.9 | D2: 187.35 | F2: 1150 | G2: 50 | I2: 2980 | J2: =SUM(B2:H2) -> 1937.25 | K2: =I2-J2 -> 1042.75
A3: Fevereiro | B3: 450 | C3: 99.9 | D3: 187.35 | E3: 89.9 | F3: 1150 | G3: 51.15 | H3: 420.25 | I3: 2980 | J3: =SUM(B3:H3) -> 2448.55 | K3: =I3-J3 -> 531.45
A4: Março | B4: 450 | C4: 99.9 | D4: 187.35 | E4: 89.9 | F4: 1150 | G4: 46.35 | I4: 2980 | J4: =SUM(B4:H4) -> 2023.5 | K4: =I4-J4 -> 956.5
A5: Abril | B5: 450 | C5: 99.9 | D5: 187.35 | F5: 1150 | G5: 47.74 | H5: 109.76 | I5: 2980 | J5: =SUM(B5:H5) -> 2044.75 | K5: =I5-J5 -> 935.25
A6: Maio | B6: 450 | C6: 99.9 | D6: 187.35 | E6: 89.9 | F6: 1150 | G6: 68.56 | I6: 2980 | J6: =SUM(B6:H6) -> 2045.71 | K6: =I6-J6 -> 934.29
A7: Junho | B7: 450 | C7: 99.9 | D7: 187.35 | E7: 89.9 | F7: 1150 | G7: 65.52 | H7: 130.8 | I7: 4470 | J7: =SUM(B7:H7) -> 2173.47 | K7: =I7-J7 -> 2296.53
A8: Julho | B8: 450 | C8: 99.9 | D8: 187.35 | F8: 1150 | G8: 67.44 | I8: 2980 | J8: =SUM(B8:H8) -> 1954.69 | K8: =I8-J8 -> 1025.31
A9: Agosto | B9: 450 | C9: 99.9 | D9: 187.35 | E9: 89.9 | F9: 1150 | G9: 38.26 | H9: 186.1 | I9: 2980 | J9: =SUM(B9:H9) -> 2201.51 | K9: =I9-J9 -> 778.49
A10: Setembro | B10: 450 | C10: 99.9 | D10: 187.35 | E10: 89.9 | F10: 1150 | G10: 43.97 | I10: 2980 | J10: =SUM(B10:H10) -> 2021.12 | K10: =I10-J10 -> 958.88
A11: Outubro | J11: =SUM(B11:H11) -> 0 | K11: =I11-J11 -> 0
A12: Novembro | J12: =SUM(B12:H12) -> 0 | K12: =I12-J12 -> 0
A13: Dezembro | J13: =SUM(B13:H13) -> 0 | K13: =I13-J13 -> 0

Sheet Total finanças
A1: mes | B1: Total Recebido | C1: Total Gasto | D1: Total Restante
A2: janeiro | B2: =SUM('Gastos Nathy'!P2+'Gastos vini'!I2) -> 6430 | C2: =SUM('Gastos Nathy'!O2+'Gastos vini'!J2) -> 4214.89 | D2: =B2-C2 -> 2215.11
A3: fevereiro | B3: =SUM('Gastos Nathy'!P3+'Gastos vini'!I3) -> 6430 | C3: =SUM('Gastos Nathy'!O3+'Gastos vini'!J3) -> 4356.72 | D3: =B3-C3 -> 2073.28
A4: março | B4: =SUM('Gastos Nathy'!P4+'Gastos vini'!I4) -> 6430 | C4: =SUM('Gastos Nathy'!O4+'Gastos vini'!J4) -> 4564.59 | D4: =B4-C4 -> 1865.41
A5: abril | B5: =SUM('Gastos Nathy'!P5+'Gastos vini'!I5) -> 6430 | C5: =SUM('Gastos Nathy'!O5+'Gastos vini'!J5) -> 4926.97 | D5: =B5-C5 -> 1503.03
A6: maio | B6: =SUM('Gastos Nathy'!P6+'Gastos vini'!I6) -> 6430 | C6: =SUM('Gastos Nathy'!O6+'Gastos vini'!J6) -> 4714.8 | D6: =B6-C6 -> 1715.2
A7: junho | B7: =SUM('Gastos Nathy'!P7+'Gastos vini'!I7) -> 7920 | C7: =SUM('Gastos Nathy'!O7+'Gastos vini'!J7) -> 5050.93 | D7: =B7-C7 -> 2869.07
A8: julho | B8: =SUM('Gastos Nathy'!P8+'Gastos vini'!I8) -> 6430 | C8: =SUM('Gastos Nathy'!O8+'Gastos vini'!J8) -> 8298.64 | D8: =B8-C8 -> -1868.64
A9: agosto | B9: =SUM('Gastos Nathy'!P9+'Gastos vini'!I9) -> 6430 | C9: =SUM('Gastos Nathy'!O9+'Gastos vini'!J9) -> 4087.33 | D9: =B9-C9 -> 2342.67
A10: setembro | B10: =SUM('Gastos Nathy'!P10+'Gastos vini'!I10) -> 6430 | C10: =SUM('Gastos Nathy'!O10+'Gastos vini'!J10) -> 4364.71 | D10: =B10-C10 -> 2065.29
A11: outubro | B11: =SUM('Gastos Nathy'!P11+'Gastos vini'!I11) -> 0 | C11: =SUM('Gastos Nathy'!O11+'Gastos vini'!J11) -> 0 | D11: =B11-C11 -> 0
A12: novembro | B12: =SUM('Gastos Nathy'!P12+'Gastos vini'!I12) -> 0 | C12: =SUM('Gastos Nathy'!O12+'Gastos vini'!J12) -> 0 | D12: =B12-C12 -> 0
A13: dezembro | B13: =SUM('Gastos Nathy'!P13+'Gastos vini'!I13) -> 0 | C13: =SUM('Gastos Nathy'!O13+'Gastos vini'!J13) -> 0 | D13: =B13-C13 -> 0

Sheet Gastos
A1: Mes | B1: 2025
B2: aluguel | C2: luz | D2: agua | E2: internet | F2: faculdade | G2: youtube | H2: tvbox | I2: parcela tv | J2: parcela ps5 | K2: Gastos extras | L2: ração porquinho | M2: ração athena | N2: ração gato | O2: total gasto | P2: Valor recebido | Q2: valor restante
A3: março | B3: 1150 | C3: 75.49 | D3: 43.41 | E3: 99.9 | F3: 450 | G3: 24.9 | H3: 35 | I3: 180 | J3: 275 | O3: =SUM(B3:N3) -> 2333.7 | P3: 3200 | Q3: =P3-O3 -> 866.3
A4: abril | B4: 1150 | C4: 81.44 | D4: 35.99 | E4: 99.9 | F4: 450 | G4: 24.9 | H4: 35 | I4: 180 | J4: 275 | K4: 787.34 | O4: =SUM(B4:N4) -> 3119.57 | P4: 3200 | Q4: =P4-O4 -> 80.43
A5: maio | B5: 1150 | C5: 102.21 | D5: 54.42 | E5: 99.9 | F5: 450 | G5: 24.9 | H5: 35 | I5: 180 | J5: 275 | K5: 500.38 | O5: =SUM(B5:N5) -> 2871.81 | P5: 3200 | Q5: =P5-O5 -> 328.19
A6: junho | B6: 1150 | C6: 83.11 | D6: 44.95 | E6: 99.9 | F6: 450 | G6: 24.9 | H6: 35 | I6: 180 | J6: 275 | K6: 577.4 | O6: =SUM(B6:N6) -> 2920.26 | P6: 3200 | Q6: =P6-O6 -> 279.74
A7: julho | B7: 1150 | C7: 85.98 | D7: 59.22 | E7: 99.9 | F7: 450 | G7: 24.9 | H7: 35 | I7: 180 | J7: 275 | O7: =SUM(B7:N7) -> 2360 | P7: 3200 | Q7: =P7-O7 -> 840
A8: agosto | B8: 1150 | C8: 90.18 | E8: 99.9 | F8: 450 | G8: 24.9 | H8: 35 | I8: 180 | J8: 275 | O8: =SUM(B8:N8) -> 2304.98 | P8: 3200 | Q8: =P8-O8 -> 895.02
A9: setembro | B9: 1150 | E9: 99.9 | F9: 450 | G9: 24.9 | H9: 35 | I9: 180 | J9: 275 | O9: =SUM(B9:N9) -> 2214.8 | P9: 3200 | Q9: =P9-O9 -> 985.2
A10: outubro | B10: 1150 | E10: 99.9 | F10: 450 | G10: 24.9 | H10: 35 | I10: 180 | J10: 275 | O10: =SUM(B10:N10) -> 2214.8 | P10: 3200 | Q10: =P10-O10 -> 985.2
A11: novembro | B11: 1150 | E11: 99.9 | F11: 450 | G11: 24.9 | H11: 35 | I11: 180 | J11: 275 | O11: =SUM(B11:N11) -> 2214.8 | P11: 3200 | Q11: =P11-O11 -> 985.2
A12: dezembro | B12: 1150 | E12: 99.9 | F12: 450 | G12: 24.9 | H12: 35 | J12: 275 | O12: =SUM(B12:N12) -> 2034.8 | P12: 3200 | Q12: =P12-O12 -> 1165.2
A13: 2026
A14: Janeiro | B14: 1150 | E14: 99.9 | G14: 24.9 | H14: 35 | J14: 275
A15: fevereiro | B15: 1150 | E15: 99.9 | G15: 24.9 | H15: 35
A16: março | B16: 1150 | E16: 99.9 | G16: 24.9 | H16: 35
A17: abril | B17: 1150 | E17: 99.9 | G17: 24.9 | H17: 35
A18: maio | B18: 1150 | E18: 99.9 | G18: 24.9 | H18: 35
A19: junho | B19: 1150 | E19: 99.9 | G19: 24.9 | H19: 35
A20: julho | B20: 1150 | E20: 99.9 | G20: 24.9 | H20: 35
A21: agosto | B21: 1150 | E21: 99.9 | G21: 24.9 | H21: 35
A22: setembro | B22: 1150 | E22: 99.9 | G22: 24.9 | H22: 35
A23: outubro | B23: 1150 | E23: 99.9 | G23: 24.9 | H23: 35
A24: novembro | B24: 1150 | E24: 99.9 | G24: 24.9 | H24: 35
A25: dezembro | B25: 1150 | E25: 99.9 | G25: 24.9 | H25: 35
